{
  "cacheBootResources": true,
  "config": [ ],
  "debugBuild": false,
  "entryAssembly": "CA3",
  "icuDataMode": 0,
  "linkerEnabled": true,
  "resources": {
    "assembly": {
      "CA3.dll": "sha256-QaorxMXuFA37v6xYZwcbklh3VJrtu7bk6AIrA1t+wJE=",
      "Microsoft.AspNetCore.Components.dll": "sha256-89hM6IdW8j7cT8TB42knmEj8FelW0rmhLbHuPheD4Ds=",
      "Microsoft.AspNetCore.Components.Web.dll": "sha256-FNaUlMhQP3BKnPLI8UOZ295H\/jKoHximheGs6mKW0f8=",
      "Microsoft.AspNetCore.Components.WebAssembly.dll": "sha256-VfuhQtMrvCmEflZYOOSPlstWKSnWBKH\/9leuaVp3ChE=",
      "Microsoft.Extensions.Configuration.Abstractions.dll": "sha256-X\/f4fDl2cuIRXeWHhK\/f2UqQbFioD+RU4a4CEh0zrrQ=",
      "Microsoft.Extensions.Configuration.dll": "sha256-DBOKSPriP2JDxVbbWrLXyD3K4\/x3RBifNBWk\/q1I39M=",
      "Microsoft.Extensions.Configuration.Json.dll": "sha256-nTqLKuydttqLtE3VT3p6XhPmLxuaJDd0cL3Qzt8D4Ro=",
      "Microsoft.Extensions.DependencyInjection.Abstractions.dll": "sha256-tkdkrAT4n35\/Yaa5YMYJpqdzzpHol9Ox3jP0FAYcFPE=",
      "Microsoft.Extensions.DependencyInjection.dll": "sha256-qi0kE7rp0kdsNqdL6DyPZEeimjUGvcLT4iWQX0YnRus=",
      "Microsoft.Extensions.Logging.Abstractions.dll": "sha256-x+N2sgSEct\/XXqose+TJ\/\/8DQXHbcSLTTD03Y22EXT8=",
      "Microsoft.Extensions.Logging.dll": "sha256-oEPPw1EPpaOHv+EHwoT2WcgDiRbjEXxigiW7V44cIYE=",
      "Microsoft.Extensions.Options.dll": "sha256-0fhMx2H0cf76DtazR5+OlRbIi1+vI3PjUYGaW5uG30c=",
      "Microsoft.Extensions.Primitives.dll": "sha256-eXvGx2jcjpTPEJoAHBsW\/VuMPbNyyU+AsuhPmkzSSRY=",
      "Microsoft.JSInterop.dll": "sha256-KnwOZIbbEsohnvCGve4h1hg6Bbb0NBb93p6MFMDURXE=",
      "Microsoft.JSInterop.WebAssembly.dll": "sha256-gAM0U1w98ffRNyjMybCtgJeQFGgmxqc7CH1\/UxP2p2o=",
      "System.Collections.Concurrent.dll": "sha256-7RZb6gwMbxOGHY1gWaKstcOjlJs+x1N2mh8sFvbB6xQ=",
      "System.Collections.dll": "sha256-t9zRWNO3cWsZ0Y9frJDX10vmR7WB3iObjq9jP4Fm+qo=",
      "System.ComponentModel.dll": "sha256-BLz3Wm0oM0Gjn8FyeXZ5AagxMamz+5pWuLYIoqAi6cI=",
      "System.Console.dll": "sha256-H8WC0wsKP6F8eVfX9V5D91KfSkbSBMrD1SE57RGZWMo=",
      "System.Linq.dll": "sha256-zAgo+1KnoW+HCkXuvfMIxfu4yHL3m\/t9iKLksbXNDyY=",
      "System.Memory.dll": "sha256-lkiNjLkJ2em\/Yxu+h8wG3IOhLHlllT1CRSpFKfbz32U=",
      "System.Net.Http.dll": "sha256-PblC7w37Mq0D6wcKHdgA9l9EN+PxNZFLieIL0gKLOfc=",
      "System.Net.Http.Json.dll": "sha256-4o3\/LbLgBfOPB+1e1GVQ+rGKAifXb5ceJZUq6JXykdc=",
      "System.Net.Primitives.dll": "sha256-G3lpICrr7JxWP3W4iKRvLTN0l0lCIO6bU+NqhBR\/BLU=",
      "System.Private.CoreLib.dll": "sha256-S9CDvAQEDMDJfg7BNdmA2uJlTr2ouedt1bFmsQdi\/Ag=",
      "System.Private.Uri.dll": "sha256-d2+pF\/C9Lh+ULoRevGvGCB4CyR8qJkGW31TkHFJMKAY=",
      "System.Runtime.dll": "sha256-zp8801XxZCNddB75ZYc1FiX4oazV98aJOSBsKNfy1Cs=",
      "System.Runtime.InteropServices.JavaScript.dll": "sha256-\/hHSP6VKS0Jx77mqDI65cm1t9iXD4q9TTpP4zWDjM0U=",
      "System.Text.Encodings.Web.dll": "sha256-JS0HmSJDM\/QTLVaMTupTSrK1d\/us3hyL5hBgK4CUm4U=",
      "System.Text.Json.dll": "sha256-DRmQvb9ujVjOC4dyCa1aQ68431JWG9QhIMiROwYv3PU="
    },
    "extensions": null,
    "lazyAssembly": null,
    "libraryInitializers": null,
    "pdb": null,
    "runtime": {
      "dotnet.7.0.0.mnslzldrij.js": "sha256-2jNLve8W0sST0LAebgAc1IwSnGhkbjOKO8QPWWiJssI=",
      "dotnet.timezones.blat": "sha256-NFPG+mWpX1lpilZGC5d9W\/8+Yjx+6oW2ujo2u+HYW1Q=",
      "dotnet.wasm": "sha256-LI9mKk\/YPFYBcqG6w2XuRqIzLVo+C1xcOQQl8PmIFI0=",
      "icudt_CJK.dat": "sha256-SZLtQnRc0JkwqHab0VUVP7T3uBPSeYzxzDnpxPpUnHk=",
      "icudt_EFIGS.dat": "sha256-l7NtS3cI+3VUoQ2XQvlzMb8x4Ow1BtnOJNLWc6bifW0=",
      "icudt_no_CJK.dat": "sha256-SNAStZO8ryN4gEbGzRYHea+b+VMpFMMNWXKTM3Y1gH4=",
      "icudt.dat": "sha256-DXO3tJHXDOV4qgW\/w8ooggAgZdAVpa5ZllYYAQWpYIk="
    },
    "runtimeAssets": {
      "dotnet.wasm": {
        "behavior": "dotnetwasm",
        "hash": "sha256-LI9mKk\/YPFYBcqG6w2XuRqIzLVo+C1xcOQQl8PmIFI0="
      }
    },
    "satelliteResources": null
  }
}